<?xml version="1.0" encoding="UTF-8" ?>
<XMLDB PATH="chat/db" VERSION="2026021601" COMMENT="Course Chat tables">
  <TABLES>
    
    <!-- Chat messages log -->
    <TABLE NAME="coursechat_log" COMMENT="Chat messages log">
      <FIELDS>
        <FIELD NAME="id" TYPE="int" LENGTH="10" NOTNULL="true" SEQUENCE="true"/>
        <FIELD NAME="courseid" TYPE="int" LENGTH="10" NOTNULL="true"/>
        <FIELD NAME="userid" TYPE="int" LENGTH="10" NOTNULL="true"/>
        <FIELD NAME="question" TYPE="text" NOTNULL="true"/>
        <FIELD NAME="answer" TYPE="text" NOTNULL="true"/>
        <FIELD NAME="model" TYPE="char" LENGTH="50" NOTNULL="true"/>
        <FIELD NAME="processing_time" TYPE="int" LENGTH="10" NOTNULL="true" DEFAULT="0"/>
        <FIELD NAME="timecreated" TYPE="int" LENGTH="10" NOTNULL="true"/>
      </FIELDS>
      <KEYS>
        <KEY NAME="primary" TYPE="primary" FIELDS="id"/>
        <KEY NAME="courseid" TYPE="foreign" FIELDS="courseid" REFTABLE="course" REFFIELDS="id"/>
        <KEY NAME="userid" TYPE="foreign" FIELDS="userid" REFTABLE="user" REFFIELDS="id"/>
      </KEYS>
      <INDEXES>
        <INDEX NAME="course-user" UNIQUE="false" FIELDS="courseid, userid"/>
        <INDEX NAME="timecreated" UNIQUE="false" FIELDS="timecreated"/>
      </INDEXES>
    </TABLE>
    
    <!-- Extracted text from files -->
    <TABLE NAME="coursechat_file_cache" COMMENT="Extracted text from files">
      <FIELDS>
        <FIELD NAME="id" TYPE="int" LENGTH="10" NOTNULL="true" SEQUENCE="true"/>
        <FIELD NAME="courseid" TYPE="int" LENGTH="10" NOTNULL="true"/>
        <FIELD NAME="filename" TYPE="char" LENGTH="255" NOTNULL="true"/>
        <FIELD NAME="contenthash" TYPE="char" LENGTH="40" NOTNULL="true"/>
        <FIELD NAME="content" TYPE="text" NOTNULL="true"/>
        <FIELD NAME="timecreated" TYPE="int" LENGTH="10" NOTNULL="true"/>
      </FIELDS>
      <KEYS>
        <KEY NAME="primary" TYPE="primary" FIELDS="id"/>
        <KEY NAME="courseid" TYPE="foreign" FIELDS="courseid" REFTABLE="course" REFFIELDS="id"/>
      </KEYS>
      <INDEXES>
        <INDEX NAME="filehash" UNIQUE="true" FIELDS="courseid, contenthash"/>
      </INDEXES>
    </TABLE>
    
  </TABLES>
</XMLDB>
